City,Lat,Long,Max Temp,Humidity,Cloudiness,Wind Speed,Country,Date
Nikolskoye,59.7,30.79,42.01,86,90,11.18,RU,1604348317
Mar del Plata,-38,-57.56,66.2,55,90,12.75,AR,1604348317
Severo-Kuril'sk,50.68,156.12,43.3,82,100,23.13,RU,1604348317
Sinnamary,5.38,-52.95,78.62,86,100,14.56,GF,1604348317
Busselton,-33.65,115.33,55.99,84,78,11.23,AU,1604348318
Provideniya,64.38,-173.3,30.2,74,75,11.18,RU,1604348318
Ushuaia,-54.8,-68.3,59,58,20,3.36,AR,1604348318
Gravdal,68.12,13.5,44.6,93,75,4.7,NO,1604348319
Carnarvon,-24.87,113.63,66.2,72,40,13.87,AU,1604348319
Hilo,19.73,-155.09,80.6,65,90,1.9,US,1604348319
Sakaiminato,35.55,133.23,51.8,100,40,8.05,JP,1604348320
Norman Wells,65.28,-126.83,8.6,71,75,8.05,CA,1604348320
Mataura,-46.19,168.86,49.23,69,94,1.34,NZ,1604348320
Naze,28.37,129.48,75.2,73,75,20.8,JP,1604348321
Mehamn,71.04,27.85,41,80,75,21.92,NO,1604348321
Beringovskiy,63.05,179.32,24.76,93,45,4.32,RU,1604348322
Punta Arenas,-53.15,-70.92,55.4,58,75,8.05,CL,1604348033
Ruwi,23.6,58.55,71.6,68,0,2.24,OM,1604348322
Rikitea,-23.12,-134.97,72.21,81,7,19.01,PF,1604348322
Mergen,49.18,125.22,15.89,86,88,10.36,CN,1604348322
Ilulissat,69.22,-51.1,21.2,67,40,13.87,GL,1604348323
Cape Town,-33.93,18.42,69.01,82,0,10.29,ZA,1604348254
São José da Coroa Grande,-8.9,-35.15,79.21,77,55,13.47,BR,1604348323
Port Elizabeth,-33.92,25.57,64.4,88,0,16.11,ZA,1604348323
Bethel,41.37,-73.41,39.99,38,1,17.22,US,1604348324
Murchison,-41.8,172.33,48.97,86,100,2.95,NZ,1604348324
Hambantota,6.12,81.12,79.11,82,74,8.37,LK,1604348325
Saint George,37.1,-113.58,68,20,1,4.7,US,1604348181
Sittwe,20.15,92.9,79.32,84,96,3.2,MM,1604348325
Kaitangata,-46.28,169.85,49.28,71,50,2.13,NZ,1604348325
Bluff,-46.6,168.33,45.95,78,37,2.89,NZ,1604348326
Brae,60.4,-1.35,48.2,76,40,18.34,GB,1604348326
Hobart,-42.88,147.33,62.01,63,75,10.29,AU,1604348176
Lagos,6.58,3.75,78.06,82,100,3.11,NG,1604348278
Penzance,50.12,-5.54,50,71,20,10.29,GB,1604348327
Arraial do Cabo,-22.97,-42.03,73.4,69,20,9.17,BR,1604348327
George Town,5.41,100.34,78.8,88,20,1.12,MY,1604348057
Moose Factory,51.26,-80.61,26.6,92,90,11.41,CA,1604348328
Albany,42.6,-73.97,37.99,60,0,5.01,US,1604348328
Nouadhibou,20.93,-17.03,73.4,56,7,12.75,MR,1604348329
Mago,53.25,140.18,26.92,93,95,4.41,RU,1604348329
Isangel,-19.55,169.27,76.46,86,100,17.56,VU,1604348330
Talnakh,69.49,88.4,15.8,92,40,2.24,RU,1604348330
Novaya Mayna,54.15,49.75,35.6,100,90,8.95,RU,1604348331
Goderich,43.75,-81.72,41,52,100,24.16,CA,1604348332
Kasongo-Lunda,-6.47,16.82,71.73,91,100,1.61,CD,1604348332
Xalapa,19.53,-96.92,65.95,56,12,5.28,MX,1604348332
Port Alfred,-33.59,26.89,67.12,79,47,21.34,ZA,1604348333
Paamiut,61.99,-49.67,30.65,82,97,16.55,GL,1604348333
Fortuna,40.6,-124.16,69.8,43,20,6.93,US,1604348333
Sisimiut,66.94,-53.67,21.69,88,100,16.98,GL,1604348334
Tabou,4.42,-7.35,78.64,86,42,4.38,CI,1604348334
Hermanus,-34.42,19.23,64.99,85,1,11.01,ZA,1604348334
Hithadhoo,-0.6,73.08,83.23,74,75,11.39,MV,1604348334
Presidencia Roque Sáenz Peña,-26.79,-60.44,83.44,25,67,5.97,AR,1604348335
Buchanan,5.88,-10.05,78.33,87,100,5.68,LR,1604348335
Sault Ste. Marie,46.52,-84.33,42.8,56,90,16.11,CA,1604348336
The Pas,53.83,-101.25,39.2,80,40,8.05,CA,1604348336
Avarua,-21.21,-159.78,71.6,83,100,5.82,CK,1604348336
Okakarara,-20.58,17.43,81.66,15,42,11.18,NA,1604348337
Dikson,73.51,80.55,15.91,97,100,10.25,RU,1604348338
Atuona,-9.8,-139.03,77.5,76,26,20.22,PF,1604348338
New Norfolk,-42.78,147.06,62.01,49,98,3.22,AU,1604348338
Lebu,-37.62,-73.65,54.9,82,57,14.41,CL,1604348339
Bayanday,53.07,105.51,20.21,83,100,2.98,RU,1604348339
Thompson,55.74,-97.86,21.2,85,90,4.7,CA,1604348101
Kahului,20.89,-156.47,82.4,65,40,16.11,US,1604348072
Yellowknife,62.46,-114.35,7,84,90,12.75,CA,1604348324
Vila Franca do Campo,37.72,-25.43,60.8,72,40,8.05,PT,1604348340
Olafsvik,64.89,-23.71,39.25,78,100,20.74,IS,1604348341
Srednekolymsk,67.45,153.68,-10.28,86,0,9.31,RU,1604348342
Dingle,11,122.67,75.43,88,100,5.12,PH,1604348342
Road Town,18.42,-64.62,86,74,40,11.41,VG,1604348075
Kapaa,22.08,-159.32,75.2,94,40,5.82,US,1604348343
Souillac,-20.52,57.52,71.6,73,40,11.41,MU,1604348343
Kavieng,-2.57,150.8,82.87,73,14,4.07,PG,1604348344
Lorengau,-2.02,147.27,81.19,76,3,3.44,PG,1604348344
Saint-François,46.42,3.91,64.4,68,90,3.36,FR,1604348344
Voloshka,61.33,40.09,34.84,93,93,10.89,RU,1604348344
Tiznit Province,29.58,-9.5,69.67,38,0,1.16,MA,1604348345
Mudon,16.26,97.72,76.19,90,2,5.1,MM,1604348345
Kutum,14.2,24.67,75.51,28,1,17.27,SD,1604348346
Port Lincoln,-34.73,135.87,73.38,28,77,19.48,AU,1604348346
Constitución,-35.33,-72.42,60.89,70,57,11.27,CL,1604348346
Lagoa,39.05,-27.98,62.1,64,100,13.85,PT,1604348347
Narsaq,60.92,-46.05,23,49,75,6.93,GL,1604348347
Atar,20.52,-13.05,85.6,15,100,10.02,MR,1604348347
Lompoc,34.64,-120.46,75.2,68,1,13.87,US,1604348249
Zhigansk,66.77,123.37,-1.16,91,100,21.7,RU,1604348348
Saint-Augustin,51.23,-58.65,51.57,92,100,25.79,CA,1604348318
Zhangaözen,43.3,52.8,57.61,35,100,8.37,KZ,1604348349
Bridlington,54.08,-0.19,50,76,35,21.92,GB,1604348349
Bogorodskoye,56.55,37.88,42.03,92,91,7.81,RU,1604348350
Batagay-Alyta,67.8,130.41,-9.31,82,94,2.59,RU,1604348351
Vaini,-21.2,-175.2,75.2,88,75,9.17,TO,1604348351
Baykit,61.67,96.37,22.64,94,96,7.4,RU,1604348351
Jalu,29.03,21.55,66.87,55,0,7.7,LY,1604348352
Yashan,22.2,109.94,64.2,64,81,8.79,CN,1604348352
Torbay,47.67,-52.73,54,100,90,36.91,CA,1604348240
Jelgava,56.65,23.71,48.2,93,90,17.22,LV,1604348286
Port Blair,11.67,92.75,80.13,82,100,4.76,IN,1604348353
Hasaki,35.73,140.83,57.2,100,75,2.24,JP,1604348354
Saldanha,-33.01,17.94,75.2,33,83,5.82,ZA,1604348355
Tiksi,71.69,128.87,0.01,90,99,4.85,RU,1604348355
Kailua,21.4,-157.74,81,69,20,10.29,US,1604348094
Sechura,-5.56,-80.82,73.62,54,12,14.92,PE,1604348356
Prainha,-1.8,-53.48,95.43,37,18,2.46,BR,1604348357
Bengkulu,-3.8,102.27,75.29,88,100,4.72,ID,1604348357
Jumla,29.27,82.18,44.19,60,0,6.8,NP,1604348357
Bentiu,9.23,29.83,77.54,71,0,4.36,SS,1604348357
Jamestown,42.1,-79.24,36,69,90,17.22,US,1604348192
Oktyabr'skiy,54.48,53.47,32.22,96,72,4.18,RU,1604348358
La Reforma,25.08,-108.05,99,25,0,8.01,MX,1604348358
Urengoy,65.97,78.37,23.25,97,100,13.13,RU,1604348359
Upernavik,72.79,-56.15,17.13,92,100,8.28,GL,1604348360
Qaqortoq,60.72,-46.03,23,49,75,6.93,GL,1604348360
Muros,42.78,-9.06,51.01,92,49,5.23,ES,1604348360
Barrow,71.29,-156.79,26.6,79,90,17.22,US,1604348090
Abhā,18.22,42.51,60.8,82,0,1.54,SA,1604348361
Keskin,39.67,33.61,45,60,0,1.59,TR,1604348361
Nagua,19.38,-69.85,78.8,94,75,7.94,DO,1604348361
Lubango,-14.92,13.49,63.45,87,59,5.7,AO,1604348362
Tuktoyaktuk,69.45,-133.04,6.8,77,90,17.22,CA,1604348362
Ketchikan,55.34,-131.65,53.6,100,90,13.87,US,1604348362
Uttarkāshi,30.73,78.45,56.19,46,0,6.17,IN,1604348363
San Jose,37.34,-121.89,80.01,37,90,3.02,US,1604348094
Cabo San Lucas,22.89,-109.91,88,58,20,6.93,MX,1604348251
Perbaungan,3.57,98.96,76.5,92,100,3.98,ID,1604348364
High Rock,26.62,-78.28,77,78,75,26.4,BS,1604348365
Preobrazheniye,42.9,133.91,33.53,82,22,11.48,RU,1604348365
Khatanga,71.97,102.5,12.29,96,100,8.3,RU,1604348365
San Patricio,28.02,-97.52,77,44,20,10.29,US,1604348365
Port Moresby,-9.44,147.18,80.6,83,40,5.82,PG,1604348366
Ca Mau,9.18,105.15,75.02,93,63,3.94,VN,1604348282
Fairbanks,64.84,-147.72,-9.4,75,90,0.69,US,1604348328
Malbork,54.04,19.03,57.99,100,100,11.14,PL,1604348367
Byron Bay,-28.65,153.62,60.8,72,83,11.41,AU,1604348367
Lüderitz,-26.65,15.16,61.47,87,97,6.69,NA,1604348368
La Ronge,55.1,-105.28,42.8,70,87,4.7,CA,1604348369
Wamba,8.93,8.6,76.26,46,80,2.75,NG,1604348210
Pánormos,35.42,24.69,63,63,100,5.14,GR,1604348369
Nioro,13.35,-15.75,84.97,33,99,3.29,GM,1604348370
Ancud,-41.87,-73.82,57.99,71,75,6.93,CL,1604348370
Mahanoro,-19.9,48.8,69.33,72,82,2.44,MG,1604348370
Puerto Ayora,-0.74,-90.35,77,69,75,6.93,EC,1604348371
Kunduz,36.73,68.86,53.42,35,0,1.59,AF,1604348371
Tezu,27.92,96.17,68.4,85,18,3.02,IN,1604348371
El Alto,-4.27,-81.21,77,65,0,13.87,PE,1604348372
Morros,-9.45,-46.3,75.6,80,90,7.29,BR,1604348372
Labuhan,-6.88,112.21,78.75,83,100,9.01,ID,1604348372
Inírida,3.87,-67.92,86.05,66,77,1.95,CO,1604348373
Sovetskiy,61.36,63.58,25.14,96,0,5.55,RU,1604348347
Codrington,-38.27,141.97,61.63,57,96,11.95,AU,1604348373
Hay River,60.82,-115.8,19.4,73,100,10.29,CA,1604348374
Waingapu,-9.66,120.26,79.95,75,96,5.61,ID,1604348374
Biltine,14.53,20.92,86.61,22,55,16.04,TD,1604348374
Tasiilaq,65.61,-37.64,28.4,54,0,4.7,GL,1604348374
Betafo,-19.83,46.85,64.83,54,41,0.74,MG,1604348375
San-Pédro,4.75,-6.64,78.04,86,15,3.2,CI,1604348375
Natal,-5.79,-35.21,84.2,69,40,14.99,BR,1604348376
Inongo,-1.95,18.27,73.89,87,100,0.49,CD,1604348377
Kūdligi,14.9,76.38,72.52,60,1,4.5,IN,1604348377
Necochea,-38.55,-58.74,70.23,52,1,12.84,AR,1604348378
Ostrovnoy,68.05,39.51,35.1,83,96,32.1,RU,1604348378
Palora,-1.7,-77.93,80.6,61,40,5.82,EC,1604348378
Mount Gambier,-37.83,140.77,64.4,52,95,11.41,AU,1604348378
Ust-Nera,64.57,143.2,-17.61,77,0,2.77,RU,1604348379
Corinth,37.94,22.96,60.01,65,87,3,GR,1604348278
Dunedin,-45.87,170.5,53.01,69,100,25.01,NZ,1604348227
Bredasdorp,-34.53,20.04,66.2,82,21,14.99,ZA,1604348380
Ponta do Sol,32.67,-17.1,71.6,68,75,10.29,PT,1604348380
Dudinka,69.41,86.18,15.8,92,40,2.24,RU,1604348380
Saskylakh,71.92,114.08,5,93,98,7.36,RU,1604348381
Longyearbyen,78.22,15.64,35.6,74,75,43.62,SJ,1604348381
Abu Kamal,34.45,40.92,68.47,34,50,7.16,SY,1604348381
East London,-33.02,27.91,67.55,83,77,15.61,ZA,1604348382
Saint Paul Harbor,57.79,-152.41,26.6,53,1,17.22,US,1604348382
Wanning,18.8,110.4,71.78,86,100,9.53,CN,1604348382
Sitka,57.05,-135.33,42.8,75,90,4.7,US,1604348383
Yakeshi,49.28,120.73,6.31,89,0,10.63,CN,1604348383
Zambrów,52.99,22.24,54,95,100,1.99,PL,1604348384
Nizhniy Kuranakh,58.84,125.49,-14.33,86,18,1.59,RU,1604348384
Cherskiy,68.75,161.3,-4.59,91,100,12.24,RU,1604348384
Porto-Novo,6.5,2.6,80.6,88,20,2.24,BJ,1604348384
Bitam,2.08,11.5,70.07,96,82,1.52,GA,1604348385
Avera,33.19,-82.53,62.01,21,1,5.82,US,1604348385
Harwich,51.94,1.28,51.01,60,0,11.01,GB,1604348385
Mogadishu,2.04,45.34,79.41,81,0,9.31,SO,1604348180
Bajah,13.81,44.63,67.05,46,0,1.59,YE,1604348386
Meulaboh,4.14,96.13,77.41,83,100,3.6,ID,1604348387
Margate,51.38,1.39,51.01,67,0,4,GB,1604348387
Honiara,-9.43,159.95,75.2,94,40,4.7,SB,1604348111
General Roca,-39.03,-67.58,95,15,0,4.7,AR,1604348387
Carutapera,-1.2,-46.02,83.23,71,0,7.76,BR,1604348388
São João da Barra,-21.64,-41.05,73.4,53,75,14.99,BR,1604348388
Gemeente Schiedam,51.92,4.38,55.4,71,0,17.22,NL,1604348389
Sharjah city,25.36,55.4,82.4,78,0,5.82,AE,1604348389
Claveria,18.61,121.08,77.11,78,100,10.22,PH,1604348389
Conde,-7.26,-34.91,82.4,69,20,11.41,BR,1604348390
Kruisfontein,-34,24.73,64.99,86,0,5.01,ZA,1604348390
Hong Kong,22.29,114.16,73,68,45,1.99,HK,1604348293
Amapá,1,-52,82.42,63,100,1.57,BR,1604348390
Te Anau,-45.42,167.72,48.49,71,66,0.74,NZ,1604348391
Naryan-Mar,67.67,53.09,32.23,95,100,15.5,RU,1604348392
Kota Belud,6.35,116.43,77,100,40,3.36,MY,1604348392
Noyabrsk,63.2,75.45,14.77,97,51,9.22,RU,1604348392
Rocky Mountain House,52.37,-114.92,66.2,16,93,12.75,CA,1604348393
Port Hardy,50.7,-127.42,50,93,90,21.92,CA,1604348393
Klaksvík,62.23,-6.59,44.6,75,0,18.34,FO,1604348393
Kumul,42.8,93.45,38.86,67,0,4.21,CN,1604348394
Coyhaique,-45.58,-72.07,64.4,48,0,8.05,CL,1604348394
Ust'-Ishim,57.69,71.17,30.51,98,100,4.59,RU,1604348394
Castro,-24.79,-50.01,68.13,47,13,4.38,BR,1604348395
Dörverden,52.85,9.23,57.99,71,20,16.11,DE,1604348395
Gaya,24.78,85,66.2,77,40,5.61,IN,1604348395
Yangi Marg`ilon,40.43,71.72,44.6,39,0,6.93,UZ,1604348396
Mahébourg,-20.41,57.7,71.6,73,40,11.41,MU,1604348396
Kidal,18.44,1.41,78.06,17,96,11.59,ML,1604348397
Banjar,-8.19,114.97,76.62,72,100,3.29,ID,1604348397
Nanortalik,60.14,-45.24,30.09,87,91,7.9,GL,1604348398
Barguzin,53.62,109.62,15.75,81,61,3.2,RU,1604348398
Katsuura,35.13,140.3,60.8,93,75,8.05,JP,1604348398
Ouro Preto do Oeste,-10.75,-62.22,91.74,47,46,1.9,BR,1604348399
Leh,34.17,77.58,30.24,68,0,2.48,IN,1604348399
Grootfontein,-19.57,18.12,81.19,30,51,13.33,NA,1604348399
Clyde River,70.47,-68.59,12.2,85,75,16.11,CA,1604348400
Nyurba,63.28,118.33,7.99,85,100,7.99,RU,1604348400
Butaritari,3.07,172.79,81,75,51,17.52,KI,1604348111
Ribeira Grande,38.52,-28.7,62.6,59,75,4.7,PT,1604348401
San Policarpo,12.18,125.51,77.67,86,100,5.14,PH,1604348402
Bardsīr,29.92,56.57,46.4,17,0,4.7,IR,1604348402
Turaif,31.67,38.66,62.6,77,0,8.05,SA,1604348402
São Filipe,14.9,-24.5,81.14,65,28,2.77,CV,1604348403
Chokurdakh,70.63,147.92,-8.86,89,99,10.58,RU,1604348403
Yerbogachën,61.28,108.01,23.2,97,100,9.64,RU,1604348404
Cap Malheureux,-19.98,57.61,69.01,70,11,1.99,MU,1604348404
Berdigestyakh,62.1,126.7,-4.77,91,0,3.29,RU,1604348404
Zhigalovo,54.81,105.16,21.74,89,100,2.82,RU,1604348405
Sakakah,29.97,40.21,73.4,46,75,17.22,SA,1604348268
Sumbe,-11.21,13.84,77.9,85,96,8.39,AO,1604348406
Brønnøysund,65.46,12.2,48.2,93,75,12.75,NO,1604348406
Tokat,40.42,36.58,39.04,93,4,1.63,TR,1604348406
Salalah,17.02,54.09,78.8,54,0,6.93,OM,1604348407
Aklavik,68.22,-135.01,1.4,77,100,4.7,CA,1604348407
Sungai Penuh,-2.08,101.38,65.75,95,100,1.43,ID,1604348407
Stourbridge,52.46,-2.14,46,78,32,1.99,GB,1604348409
Hamilton,39.18,-84.53,50,25,1,11.41,US,1604348409
Riohacha,11.54,-72.91,84.45,72,93,10.16,CO,1604348410
Broome,42.25,-75.83,37.99,85,75,20.8,US,1604348144
Rupert,42.62,-113.68,66.2,20,1,8.05,US,1604348332
Freeport,40.66,-73.58,45,26,1,18.34,US,1604348354
Yabēlo,4.88,38.08,59.7,96,72,12.57,ET,1604348411
Airai,-8.93,125.41,61.2,65,74,1.63,TL,1604348412
Pevek,69.7,170.31,13.59,91,72,16.24,RU,1604348412
Ajra,16.12,74.2,67.23,69,0,5.08,IN,1604348412
Oranjemund,-28.55,16.43,62.29,88,35,13.67,NA,1604348413
Belmonte,-15.86,-38.88,69.8,88,90,5.82,BR,1604348413
Chui,-33.7,-53.46,64.67,66,46,8.88,UY,1604348413
Florianópolis,-27.61,-48.5,73.99,49,40,12.75,BR,1604348414
Coahuayana Viejo,18.73,-103.68,86,40,40,2.71,MX,1604348414
Gouré,13.98,10.27,82,23,96,5.99,NE,1604348414
Joaquim Nabuco,-8.62,-35.53,78.93,70,44,11.95,BR,1604348415
Moranbah,-22,148.05,70.36,80,34,17.76,AU,1604348415
Gumdag,39.21,54.59,67.91,22,89,11.88,TM,1604348415
Torbat-e Jām,35.24,60.62,58.51,34,0,7.11,IR,1604348416
Faya,18.39,42.45,60.8,82,0,2.08,SA,1604348416
Mezen',65.85,44.24,30.34,89,0,14.36,RU,1604348416
Richards Bay,-28.78,32.04,69.1,90,91,4.56,ZA,1604348417
Kiryat Gat,31.61,34.76,71.01,76,10,1.86,IL,1604348417
Mildura,-34.2,142.15,66,59,66,6.93,AU,1604348418
Port Keats,-14.25,129.55,83.08,77,82,10.45,AU,1604348418
Pa Sang,18.53,98.94,75.99,94,20,3.36,TH,1604348419
Hubli,15.35,75.17,70.86,60,0,8.48,IN,1604348419
Qaanaaq,77.48,-69.36,6.51,78,100,6.62,GL,1604348420
Kenderes,47.25,20.68,53.01,100,90,2.24,HU,1604348420
Ellisras,-23.66,27.74,75.33,46,3,8.5,ZA,1604348420
Qasigiannguit,68.82,-51.19,21.2,67,40,13.87,GL,1604348421
Mossamedes,-15.2,12.15,68.43,78,0,6.2,AO,1604348421
Belfast,54.58,-5.93,44.01,87,97,14.99,GB,1604348422
Tekeli,44.83,78.82,40.59,54,100,4.32,KZ,1604348422
Luganville,-15.53,167.17,77,94,75,1.95,VU,1604348423
Bowen,-20.02,148.23,75.2,83,40,9.17,AU,1604348424
Bathsheba,13.22,-59.52,86,66,40,18.34,BB,1604348424
Ust'-Omchug,61.15,149.63,13.26,94,100,6.93,RU,1604348425
Usinsk,65.99,57.53,32.61,96,100,17.69,RU,1604348425
Mahon,39.89,4.27,62.6,82,40,6.93,ES,1604348425
Marfino,55.7,37.38,43,93,90,11.18,RU,1604348425
Boffa,10.17,-14.03,79.07,85,0,4.52,GN,1604348426
Acapulco de Juárez,16.86,-99.89,86,74,20,12.75,MX,1604348178
Carlsbad,33.16,-117.35,81,68,1,9.17,US,1604348427
Berlevåg,70.86,29.09,35.6,85,75,27.51,NO,1604348427
Mazatlán,23.22,-106.42,91.4,46,5,6.93,MX,1604348427
Wasaga Beach,44.52,-80.02,39.2,60,100,8.05,CA,1604348428
Hirara,24.8,125.28,76.26,78,100,31.36,JP,1604348428
Kincardine,56.07,-3.72,46,93,20,6.93,GB,1604348428
Aykino,62.22,49.99,26.67,95,37,6.08,RU,1604348429
Chancay,-11.57,-77.27,69.01,72,20,8.05,PE,1604348429
Dicabisagan,17.08,122.42,77.31,87,100,7.14,PH,1604348430
Corinth,37.94,22.96,60.01,65,87,3,GR,1604348278
Elda,38.48,-0.79,62.01,75,0,0.96,ES,1604348430
Layou,13.2,-61.27,77,78,75,5.82,VC,1604348430
Alofi,-19.06,-169.92,77,94,75,14.99,NU,1604348431
Las Compuertas,25.45,-108.35,97,22,0,8.01,MX,1604348431
Hualmay,-11.1,-77.61,68.02,64,100,8.84,PE,1604348432
Poum,-20.23,164.02,77.14,78,100,6.08,NC,1604348432
Maragogi,-9.01,-35.22,78.82,78,41,13.73,BR,1604348432
Tazovsky,67.47,78.7,19.15,98,99,12.48,RU,1604348432
Latung,5.5,120.88,82.72,81,99,11.65,PH,1604348433
Tuatapere,-46.13,167.68,48.7,69,94,1.83,NZ,1604348433
Faanui,-16.48,-151.75,79.34,79,2,16.33,PF,1604348434
Verkhoyansk,67.54,133.38,-17.41,81,0,2.59,RU,1604348434
Bilma,18.69,12.92,74.52,21,0,8.3,NE,1604348434
Bagdarin,54.43,113.6,6.3,78,0,2.33,RU,1604348435
Los Llanos de Aridane,28.66,-17.92,73.4,73,0,10.29,ES,1604348435
Rawson,-43.3,-65.1,79.84,22,100,12.75,AR,1604348435
Acajutla,13.59,-89.83,82.4,51,40,8.05,SV,1604348143
Shakawe,-18.37,21.85,74.8,40,63,5.77,BW,1604348436
Ambon City,-3.7,128.18,81,94,100,5.14,ID,1604348436
Fort Nelson,58.81,-122.7,10.4,78,90,2.24,CA,1604348437
Caravelas,-17.71,-39.25,72.84,74,87,12.03,BR,1604348437
Bambous Virieux,-20.34,57.76,71.6,73,40,11.41,MU,1604348437
Venice,27.1,-82.45,77,50,1,20.8,US,1604348437
Bargur,12.54,78.35,69.93,88,0,1.48,IN,1604348438
Geraldton,-28.77,114.6,59,93,75,8.05,AU,1604348438
Yārāda,17.65,83.27,80.6,94,75,2.24,IN,1604348438
Eydhafushi,5.1,73.07,82.72,72,5,6.49,MV,1604348439
Flinders,-34.58,150.86,57,89,14,1.01,AU,1604348439
Puerto Escondido,15.85,-97.07,87.89,52,100,5.17,MX,1604348439
Padang,-0.95,100.35,77.56,75,100,3.8,ID,1604348439
Lindi,-10,39.72,75.2,88,20,5.82,TZ,1604348440
Neuquén,-38.95,-68.06,95,15,0,4.7,AR,1604348360
San Cosme y Damián,-27.32,-56.35,87.8,22,40,6.93,PY,1604348440
Nantucket,41.28,-70.1,42.8,48,75,21.92,US,1604348441
Laas,46.62,10.7,46.4,87,5,3.36,IT,1604348441
Songyang,34.46,113.03,51.01,99,52,3.24,CN,1604348441
Nālūt,30.33,10.85,63.46,40,0,10.04,LY,1604348441
Lárdos,36.09,28.02,68,59,20,2.24,GR,1604348241
Tura,25.52,90.22,70.7,90,36,1.54,IN,1604348442
Nur-Sultan,51.18,71.45,30.2,86,90,4.47,KZ,1604348393
Palamós,41.85,3.13,61,51,62,5.37,ES,1604348443
Esperance,-33.87,121.9,57.2,100,90,14.99,AU,1604348443
Beaumont,30.09,-94.1,71.6,30,1,9.17,US,1604348414
Makakilo City,21.35,-158.09,82,69,1,4.7,US,1604348443
Yairipok,24.67,94.07,64.35,95,70,0.85,IN,1604348444
Bahía de Caráquez,-0.6,-80.42,78.8,78,75,12.75,EC,1604348444
Lebaksiu,-7.05,109.14,74.34,84,19,4.97,ID,1604348445
Santa Maria,-29.68,-53.81,77,38,20,14.99,BR,1604348445
Pavlodar,52.3,76.95,32,94,90,6.71,KZ,1604348445
Grand Gaube,-20.01,57.66,69.01,70,10,1.99,MU,1604348446
Cochrane,51.18,-114.47,71.6,18,90,13.87,CA,1604348229
Şag,45.65,21.18,54,100,90,5.82,RO,1604348446
Kupang,-10.17,123.58,79.27,75,100,6.62,ID,1604348447
Teya,60.38,92.63,23.43,95,94,6.06,RU,1604348447
Chapais,49.78,-74.85,21.2,73,75,6.93,CA,1604348448
Man,7.41,-7.55,73.98,84,94,1.54,CI,1604348448
Jiuquan,39.74,98.52,33.24,73,0,1.74,CN,1604348449
Lumut,4.23,100.63,75.2,94,20,4.16,MY,1604348449
Saint-Philippe,-21.36,55.77,73.4,53,90,6.93,RE,1604348450
Arrecife,28.96,-13.55,71.6,78,20,12.75,ES,1604348450
Guerrero Negro,27.98,-114.06,78.94,48,0,13.94,MX,1604348451
Povenets,62.85,34.83,42.66,84,100,21.14,RU,1604348451
Kondinskoye,59.65,67.41,23,98,9,6.76,RU,1604348451
Turan,16.07,108.22,71.6,94,75,2.24,VN,1604348426
Makurdi,7.74,8.51,80.04,62,100,2.17,NG,1604348452
Khao Wong,16.7,104.09,70.25,83,87,8.21,TH,1604348452
Zhoukou,33.63,114.63,49.17,43,29,4.97,CN,1604348453
Antsirabe,-19.85,47.03,60.49,62,7,1.52,MG,1604348453
Hofn,64.25,-15.21,41,48,75,10.29,IS,1604348453
Yuancheng,36.65,107.79,37.51,65,18,2.57,CN,1604348453
Cairns,-16.92,145.77,77,78,40,9.17,AU,1604348454
Iğdır,39.92,44.05,53.6,62,20,1.12,TR,1604348454
Leningradskiy,69.38,178.42,16.16,85,100,3.65,RU,1604348455
Kadoma,34.73,135.58,57.99,57,100,9.75,JP,1604348455
La Troncal,-2.4,-79.33,84.2,20,20,21.92,EC,1604348455
Half Moon Bay,37.46,-122.43,77,40,5,3.36,US,1604348307
Kapit,2.02,112.93,73.4,95,100,2.01,MY,1604348456
Oranmore,53.27,-8.92,46.4,70,40,11.41,IE,1604348456
Lavrentiya,65.58,-171,19.53,87,0,3.91,RU,1604348457
Bǝrdǝ,40.37,47.13,64.4,72,90,13.87,AZ,1604348457
Darnah,32.77,22.64,69.55,64,100,9.53,LY,1604348457
Sørland,67.67,12.69,46.4,93,75,9.17,NO,1604348458
Schifferstadt,49.39,8.37,66.2,68,0,6.93,DE,1604348458
Kaeo,-35.1,173.78,66.99,86,100,8.99,NZ,1604348458
Wakefield,53.68,-1.5,46,91,88,18.16,GB,1604348459
Erenhot,43.65,111.98,24.22,76,0,4.65,CN,1604348459
Anadyr,64.75,177.48,15.8,85,90,4.47,RU,1604348459
Davila,18.47,120.58,78.08,79,100,20.13,PH,1604348460
Cidreira,-30.18,-50.21,65.86,56,0,8.95,BR,1604348460
Provincia di Ancona,43.55,13.17,55.99,93,100,1.12,IT,1604348460
Suining,30.51,105.57,56.23,92,100,3.62,CN,1604348461
Dalvik,65.97,-18.53,41,48,75,14.99,IS,1604348461
Ternate,0.8,127.4,77.88,85,100,5.61,ID,1604348461
Iqaluit,63.75,-68.51,17.6,67,75,13.87,CA,1604348462
Severnoye,56.35,78.36,30.45,99,100,6.51,RU,1604348462
Velikiy Ustyug,60.76,46.31,28.71,97,23,6.91,RU,1604348463
Tashla,51.77,52.74,42.87,64,85,7.92,RU,1604348464
Cayenne,4.93,-52.33,78.8,94,20,4.7,GF,1604348464
Bouaké,7.69,-5.02,77.09,75,86,2.62,CI,1604348464
Berbera,10.44,45.01,80.01,65,0,4.59,SO,1604348465
Cartagena,10.4,-75.51,82.76,80,43,10.98,CO,1604348451
Mt. Pleasant,32.79,-79.86,57.99,28,1,11.41,US,1604348227
Mabaruma,8.2,-59.78,71.38,98,100,2.24,GY,1604348466
Marawi,8,124.29,73,91,100,5.01,PH,1604348466
Arrondissement de Lannion,48.75,-3.42,48.2,81,0,8.05,FR,1604348467
Umluj,25.02,37.27,79.92,71,96,7.7,SA,1604348467
Tateyama,34.98,139.87,60.8,93,75,8.05,JP,1604348467
Sangmélima,2.93,11.98,69.42,94,89,1.74,CM,1604348468
Vardø,70.37,31.11,39.2,86,75,26.4,NO,1604348468
Huanren,41.26,125.37,27.86,81,23,4.72,CN,1604348468
Korla,41.76,86.15,37.27,70,1,1.61,CN,1604348470
Yanam,16.73,82.22,76.68,79,15,2.51,IN,1604348470
Kavaratti,10.57,72.64,82.29,69,0,4.74,IN,1604348471
Anloga,5.79,0.9,80.6,78,20,3.36,GH,1604348471
Vao,-22.67,167.48,74.5,91,100,8.61,NC,1604348472
Daloa,6.88,-6.45,72.86,92,58,2.64,CI,1604348472
Sainte-Anne-des-Monts,49.12,-66.49,37.4,93,100,26.4,CA,1604348472
Golden,39.76,-105.22,75,11,5,5.82,US,1604348472
Kamina,-8.74,24.99,64.4,91,100,5.84,CD,1604348473
Xiongzhou,25.12,114.3,58.51,73,80,2.46,CN,1604348473
Gorontalo,0.54,123.06,74.7,72,74,2.37,ID,1604348474
Pánuco,22.05,-98.17,78.8,57,75,9.17,MX,1604348474
Mezhdurechensk,53.69,88.06,33.24,94,100,1.77,RU,1604348475
Valea Salciei,45.5,26.83,46.4,75,75,4.7,RO,1604348476
Puqi,29.72,113.88,54.77,66,1,3.67,CN,1604348476
Tegul'det,57.31,88.17,29.98,98,100,6.67,RU,1604348476
Galle,6.04,80.22,78.89,81,89,6.08,LK,1604348477
Bullhead City,35.15,-114.57,90,8,75,14.99,US,1604348384
Tilichiki,60.47,166.1,29.21,99,99,1.05,RU,1604348477
Vanavara,60.34,102.28,28.96,98,100,8.46,RU,1604348478
Anáhuac,27.23,-100.15,75.2,27,5,5.5,MX,1604348478
Podor,16.65,-14.96,93.4,11,100,7.2,MR,1604348478
Myanaung,18.28,95.32,75.22,92,0,1.39,MM,1604348479
Shar,49.59,81.05,34.39,90,71,3.69,KZ,1604348479
Pangnirtung,66.15,-65.71,15.8,56,20,3.36,CA,1604348479
Harar,9.31,42.13,56.26,57,0,3.85,ET,1604348479
Tadine,-21.55,167.88,77.02,83,100,11.54,NC,1604348480
Valparai,10.37,76.97,78.8,94,40,1.52,IN,1604348480
Pokhara,28.23,83.98,64.56,45,0,5.73,NP,1604348480
Basco,20.45,121.97,79.34,76,100,29.28,PH,1604348481
Chicama,-7.84,-79.15,68,72,40,9.17,PE,1604348481
Port Macquarie,-31.43,152.92,59,75,70,1.99,AU,1604348482
El Salvador,13.83,-88.92,87.8,57,0,17.22,SV,1604348205
Kisesa,-3.08,34.15,73.18,48,37,4.99,TZ,1604348482
Panino,51.65,40.13,48.2,100,90,13.42,RU,1604348408
Albanel,48.88,-72.45,26.6,53,96,20.8,CA,1604348483
Beloha,-25.17,45.05,69.4,80,1,13.35,MG,1604348484
Departamento de Maldonado,-34.67,-54.92,68,64,20,11.41,UY,1604348484
Khlevnoye,52.2,39.09,48.2,100,90,13.42,RU,1604348484
Horodenka,48.67,25.5,50,78,100,3.13,UA,1604348485
Tigil',57.8,158.67,30.88,91,100,6.69,RU,1604348485
College,64.86,-147.8,-9.4,76,90,4.7,US,1604348315
San Miguel de Tucumán,-26.82,-65.22,89.6,22,20,9.17,AR,1604348287
Port Augusta,-32.5,137.77,66.2,45,2,9.17,AU,1604348486
Vanimo,-2.67,141.3,78.44,79,100,4.23,PG,1604348486
Vestmannaeyjar,63.44,-20.27,43.79,73,97,31.83,IS,1604348380
St. George's,12.06,-61.75,86,70,20,23.04,GD,1604348351
Mujiayingzi,42.12,118.78,21.7,72,0,9.57,CN,1604348487
Zadar,44.12,15.24,48.2,100,97,1.12,HR,1604348488
Iisalmi,63.56,27.19,41,93,90,25.28,FI,1604348488
Stokmarknes,68.56,14.91,46.4,93,75,11.41,NO,1604348489
Alekseyevsk,57.84,108.35,22.55,94,100,10.94,RU,1604348489
Nome,64.5,-165.41,16,77,75,4.7,US,1604348306
Tsogni,-2.79,10.1,74.03,94,29,1.25,GA,1604348489
Tsuyama,35.05,134,50,96,0,3.6,JP,1604348490
Mehrān,33.12,46.16,57.2,35,75,2.24,IR,1604348490
Holland,42.79,-86.11,46.99,45,1,21.92,US,1604348441
Rudnichnyy,59.62,52.47,25.57,97,0,2.86,RU,1604348491
Knysna,-34.04,23.05,60.8,100,90,3.36,ZA,1604348492
Agadez,19.75,10.25,72.12,23,0,7.65,NE,1604348492
Kundla,21.33,71.3,75.87,28,0,7.92,IN,1604348492
Taltal,-25.4,-70.48,64.13,57,22,7.49,CL,1604348493
Buta,2.79,24.73,72.66,94,100,0.94,CD,1604348493
Lillesand,58.25,8.38,50,81,84,10.29,NO,1604348494
Palmer,42.16,-72.33,37.99,37,20,23.04,US,1604348494
Ambovombe,-25.17,46.08,68.58,84,0,8.86,MG,1604348494
Terrace,54.52,-128.6,48.2,93,75,18.34,CA,1604348494
Upington,-28.45,21.26,80.6,18,0,5.82,ZA,1604348495
Palembang,-2.92,104.75,75.63,93,100,0.43,ID,1604348495
Maumere,-8.62,122.21,80.11,76,100,4.05,ID,1604348496
Husavik,66.04,-17.34,41,48,75,14.99,IS,1604348496
Epanomí,40.43,22.93,63,76,20,4.7,GR,1604348496
Marovoay,-16.1,46.63,77,88,40,2.24,MG,1604348497
Vermillion,42.78,-96.93,66.99,22,1,4.7,US,1604348497
Moindou,-21.69,165.68,75.2,73,0,2.24,NC,1604348498
Parrita,9.52,-84.32,73.4,83,75,9.17,CR,1604348498
Mananara,-16.17,49.77,66.78,83,6,4.43,MG,1604348498
Rizhao,35.43,119.46,43.88,54,0,7.29,CN,1604348499
Tessalit,20.2,1.01,75.96,18,100,9.69,ML,1604348499
Santa Isabel Rio Negro,-0.41,-65.02,90.57,54,98,1.12,BR,1604348499
Pangkalanbuun,-2.68,111.62,74.7,97,100,1.66,ID,1604348499
Campbell River,50.02,-125.24,51.8,76,90,6.93,CA,1604348500
Mount Isa,-20.73,139.5,75.2,19,0,6.93,AU,1604348500
North Myrtle Beach,33.82,-78.68,55.99,28,1,12.75,US,1604348301
Orlik,52.52,99.83,17.42,86,100,2.17,RU,1604348502
Greenville,35.61,-77.37,52,32,1,10.29,US,1604348439
Touros,-5.2,-35.46,84.2,66,40,20.8,BR,1604348502
Hammerfest,70.66,23.68,41,87,40,42.5,NO,1604348502
Forsytheganj,52.63,29.73,40.62,93,22,3.31,BY,1604348503
Bukama,-9.2,25.85,72.39,79,100,1.57,CD,1604348503
Corn Island,12.17,-83.04,81.72,78,100,17.16,NI,1604348503
Payson,40.04,-111.73,70,40,20,3.78,US,1604348265
Petropavlovskoye,52.07,84.11,33.75,92,100,3.6,RU,1604348504
Sondershausen,51.37,10.87,64.99,74,21,5.99,DE,1604348505
Kulaman,6.46,124.09,78.42,67,100,2.91,PH,1604348505
Mocuba,-16.84,36.99,74.05,78,100,4.21,MZ,1604348505
Havre-St-Pierre,50.23,-63.6,44.6,100,90,10.29,CA,1604348506
Bandarbeyla,9.49,50.81,78.12,81,38,21.34,SO,1604348506
Port-Gentil,-0.72,8.78,78.8,88,20,8.05,GA,1604348506
Antofagasta,-23.65,-70.4,62.6,63,20,16.11,CL,1604348507
Ürümqi,43.8,87.6,35.6,64,0,4.47,CN,1604348507
Kamenka,51.32,42.77,43,91,47,9.8,RU,1604348508
Mutoko,-17.4,32.23,71.33,48,0,7.52,ZW,1604348508
Merauke,-8.47,140.33,79.93,84,100,10.27,ID,1604348509
Deputatsky,69.3,139.9,-14.49,82,0,3.15,RU,1604348509
Domoni,-12.26,44.53,75.09,82,13,5.17,KM,1604348510
Thunder Bay,48.4,-89.32,51.8,40,75,17.22,CA,1604348437
Nichinan,31.6,131.37,62.29,85,56,4.9,JP,1604348511
Svobodnyy,51.4,128.13,16.43,92,100,16.64,RU,1604348511
Lensk,60.73,114.93,9.18,85,100,4.16,RU,1604348512
Yichun,47.7,128.9,18.57,93,100,8.63,CN,1604348512
Galveston,29.37,-94.97,70,40,1,13.87,US,1604348256
Sítio Novo do Tocantins,-5.52,-47.46,80.6,78,20,5.82,BR,1604348512
Landau,49.21,8.11,66.99,80,16,4,DE,1604348513
Vestmanna,62.16,-7.17,44.6,75,10,18.34,FO,1604348513
Devils Lake,48.11,-98.87,60.8,38,1,12.75,US,1604348514
Egvekinot,66.32,-179.17,10.8,87,72,1.41,RU,1604348514
Pisco,-13.7,-76.22,66.2,77,90,6.93,PE,1604348515
Karoi,-16.81,29.69,71.33,53,0,7.43,ZW,1604348515
Portland,45.52,-122.68,64,44,1,5.82,US,1604348329
Sola,-13.88,167.55,78.6,83,100,11.61,VU,1604348516
Pyapon,16.28,95.68,75.54,93,0,4.63,MM,1604348516
Provincia di Imperia,43.97,7.78,61,93,75,3.36,IT,1604348518
Bonthe,7.53,-12.51,79.43,80,54,3.94,SL,1604348518
Antakya,36.21,36.16,64.4,93,40,5.82,TR,1604348519
Timizart,36.8,4.27,64.11,50,0,4.14,DZ,1604348519
Zhuhai,22.28,113.57,73.4,69,0,19.46,CN,1604348520
Raglan,-37.8,174.88,69.01,56,100,5.99,NZ,1604348520
Nelson Bay,-32.72,152.15,59,93,90,6.93,AU,1604348521
Dondo,-19.61,34.74,77,78,20,9.17,MZ,1604348521
Igarka,67.47,86.58,12.88,96,98,8.81,RU,1604348521
Vostok,46.49,135.88,21.87,98,99,5.06,RU,1604348522
Adeje,28.12,-16.73,73,73,20,18.34,ES,1604348522
Inuvik,68.35,-133.72,1.4,77,76,4.7,CA,1604348522
Gamba,-2.65,10,74.73,92,33,1.9,GA,1604348523
Santa Fe,-31.63,-60.7,86,24,0,7,AR,1604348408
Daru,-9.08,143.21,80.24,86,100,13.04,PG,1604348523
Minsk,53.9,27.57,41,93,90,8.95,BY,1604348270
Strezhevoy,60.73,77.59,28.4,92,75,6.71,RU,1604348525
Cockburn Town,21.46,-71.14,84.2,66,40,11.41,TC,1604348526
Flin Flon,54.77,-101.86,37.4,86,75,4.7,CA,1604348526
Port Hedland,-20.32,118.57,71.6,88,9,11.41,AU,1604348527
Khrebtovaya,56.7,104.25,23.16,91,100,10.63,RU,1604348527
Luba,3.46,8.55,75.2,100,20,2.24,GQ,1604348527
Sibolga,1.74,98.78,76.64,79,79,3.22,ID,1604348528
Lysyye Gory,51.55,44.84,41.41,76,100,4.94,RU,1604348409
Belaya Gora,68.53,146.42,-13.5,81,0,8.52,RU,1604348528
Athabasca,54.72,-113.29,55.4,47,100,4.7,CA,1604348529
Nurota,40.56,65.69,41,32,0,6.93,UZ,1604348529
Tambovka,50.1,128.05,14,78,75,8.95,RU,1604348530
Guozhen,34.37,107.36,50.77,44,100,3,CN,1604348530
Staritsa,56.51,34.94,41.63,94,34,7.02,RU,1604348531
Shimoda,34.67,138.95,55,95,100,4.59,JP,1604348531
Buala,-8.14,159.59,81.14,80,100,7.54,SB,1604348532
Sioux Lookout,50.1,-91.92,41,65,75,11.41,CA,1604348532
Haines Junction,60.75,-137.51,6.8,55,97,9.17,CA,1604348532
São Francisco,-15.95,-44.86,77.5,70,68,8.32,BR,1604348534
Marsá Maţrūḩ,31.35,27.25,68,68,40,5.82,EG,1604348534
La Tuque,47.43,-72.78,28.4,46,4,18.34,CA,1604348534
Krasnoarmeysk,51.02,45.7,46,73,58,4,RU,1604348535
Erciş,39.03,43.36,55.4,43,75,11.41,TR,1604348535
